"","species","site","trees","Canopy","dbh","dist","azimuth","easting","northing","A","B","convha","a","b","region","eq","Origin_ref","ref","totAB"
"1","ABBA","HOW1",115,"S",13.6,7.5,40,1462563.625,5079337.681,5.745333323,4.820907073,7.95774715459477,0.1746,2.1555,"NB",1,"Ker1984","",48.4604403720927
"2","ACRU","HOW2",6,"I",30.7,6.9,20,1462201.724,5079335.22,6.483879083,2.359938989,7.95774715459477,0.1262,2.3804,"ME",1,"Young1980","Ter-Miakelian",437.565974864364
"3","ACRU","HOW2",39,"C",15.2,9,350,1462204.103,5079331.297,8.863269777,-1.562833599,7.95774715459477,0.1262,2.3804,"ME",1,"Young1980","Ter-Miakelian",82.0955906198606
"4","ACRU","HOW1",117,"C",14.5,11.6,73,1462561.272,5079343.953,3.391511775,11.09313517,7.95774715459477,0.1262,2.3804,"ME",1,"Young1980","Ter-Miakelian",73.3803446881514
"5","ACRU","HOW3",87,"I",14,9.3,305,1462125.104,50793325.91,5.334260858,-7.618114012,7.95774715459477,0.1262,2.3804,"ME",1,"Young1980","Ter-Miakelian",67.499806995005
"6","ACRU","HOW1",108,"S-I",20.5,4.9,3,1462562.773,5079333.116,4.89328472,0.256446186,7.95774715459477,0.1262,2.3804,"ME",1,"Young1980","Ter-Miakelian",167.324002932757
"7","ACRU","HOW2",32,"C",28,1.9,343,1462197.057,5079332.304,1.816979036,-0.555506239,7.95774715459477,0.1262,2.3804,"ME",1,"Young1980","Ter-Miakelian",351.458727850422
"8","ACRU","HOW1",90,"I",17.7,11.8,125,1462551.112,5079342.526,-6.768201949,9.665994123,7.95774715459477,0.1262,2.3804,"ME",1,"Young1980","Ter-Miakelian",117.960041903365
"9","ACRU","HOW3",85,"I",23.9,14.8,45,1462130.235,50793344,10.46518036,10.46518036,7.95774715459477,0.1262,2.3804,"ME",1,"Young1980","Ter-Miakelian",241.100281988939
"10","ACRU","HOW1",116,"I",18.2,10.2,71,1462561.201,5079342.504,3.320795175,9.644289471,7.95774715459477,0.1262,2.3804,"ME",1,"Young1980","Ter-Miakelian",126.04722441531
"11","ACRU","HOW2",75,"C",35.3,13.1,215,1462184.509,5079325.346,-10.73089178,-7.513851316,7.95774715459477,0.1262,2.3804,"ME",1,"Young1980","Ter-Miakelian",610.073644449491
"12","ACRU","HOW3",86,"D",37,19.9,40,1462135.014,50793346.32,15.24428442,12.79147343,7.95774715459477,0.1262,2.3804,"ME",1,"Young1980","Ter-Miakelian",682.349281962903
"13","ACRU","HOW2",43,"C",32.1,13.9,308,1462203.798,5079321.907,8.557694507,-10.95334948,7.95774715459477,0.1262,2.3804,"ME",1,"Young1980","Ter-Miakelian",486.568437671456
"14","ACRU","HOW3",83,"C",29.3,7.4,47,1462124.817,50793338.94,5.046787864,5.412017392,7.95774715459477,0.1262,2.3804,"ME",1,"Young1980","Ter-Miakelian",391.553435110325
"15","ACRU","HOW3",84,"D",43.4,11.2,60,1462125.37,50793343.23,5.6,9.699484522,7.95774715459477,0.1262,2.3804,"ME",1,"Young1980","Ter-Miakelian",997.562022458741
"16","ACRU","HOW1",56,"C",32,27,206,1462533.613,5079321.024,-24.26743925,-11.83602096,7.95774715459477,0.1262,2.3804,"ME",1,"Young1980","Ter-Miakelian",482.968007379588
"17","ACRU","HOW2",61,"C",34.6,8.9,222,1462188.626,5079326.905,-6.613988947,-5.955262397,7.95774715459477,0.1262,2.3804,"ME",1,"Young1980","Ter-Miakelian",581.669243421353
"18","ACRU","HOW3",91,"C",27,13.7,200,1462106.896,50793328.84,-12.8737889,-4.685675964,7.95774715459477,0.1262,2.3804,"ME",1,"Young1980","Ter-Miakelian",322.312878765919
"19","ACRU","HOW2",48,"C",23.4,14.8,327,1462207.652,5079324.799,12.41232441,-8.060657718,7.95774715459477,0.1262,2.3804,"ME",1,"Young1980","Ter-Miakelian",229.266595463184
"20","ACRU","HOW2",18,"C",33,19.8,80,1462198.678,5079352.359,3.438233918,19.49919351,7.95774715459477,0.1262,2.3804,"ME",1,"Young1980","Ter-Miakelian",519.672741631553
"21","ACRU","HOW3",90,"D",22.6,18.4,280,1462122.965,50793315.41,3.195126469,-18.12046266,7.95774715459477,0.1262,2.3804,"ME",1,"Young1980","Ter-Miakelian",211.046951573857
"22","ACRU","HOW1",7,"C",27,7.34,276,1462558.647,5079325.56,0.76723892,-7.299790712,7.95774715459477,0.1262,2.3804,"ME",1,"Young1980","Ter-Miakelian",322.312878765919
"23","ACRU","HOW2",25,"C",25.7,17.6,18,1462211.979,5079338.299,16.73859469,5.438699101,7.95774715459477,0.1262,2.3804,"ME",1,"Young1980","Ter-Miakelian",286.592064973364
"24","ACRU","HOW2",83,"C",25.2,4.8,160,1462190.729,5079334.502,-4.51052458,1.641696688,7.95774715459477,0.1262,2.3804,"ME",1,"Young1980","Ter-Miakelian",273.497400069968
"25","ACRU","HOW1",30,"C",34.2,29.4,314,1462578.303,5079311.711,20.42295609,-21.14859013,7.95774715459477,0.1262,2.3804,"ME",1,"Young1980","Ter-Miakelian",565.789779140681
"26","ACRU","HOW3",89,"C",31.1,14,270,1462119.77,50793319.53,-2.57281e-15,-14,7.95774715459477,0.1262,2.3804,"ME",1,"Young1980","Ter-Miakelian",451.259320333923
"27","ACRU","HOW1",61,"D",24.8,16.1,226,1462546.696,5079321.279,-11.18399976,-11.58137079,7.95774715459477,0.1262,2.3804,"ME",1,"Young1980","Ter-Miakelian",263.276524331492
"28","ACRU","HOW3",88,"C",33.2,18.2,305,1462130.209,50793318.62,10.43909114,-14.90856721,7.95774715459477,0.1262,2.3804,"ME",1,"Young1980","Ter-Miakelian",527.201271915008
"29","ACRU","HOW1",42,"S",12.1,11.5,174,1462546.443,5079334.062,-11.4370018,1.202077328,7.95774715459477,0.1262,2.3804,"ME",1,"Young1980","Ter-Miakelian",47.7003593066659
"30","ACRU","HOW3",92,"C",39.2,18.3,200,1462102.574,50793327.27,-17.19637496,-6.258968623,7.95774715459477,0.1262,2.3804,"ME",1,"Young1980","Ter-Miakelian",782.920218876937
"31","ACRU","HOW1",60,"D",33.9,21.5,227,1462543.217,5079317.136,-14.66296474,-15.72410458,7.95774715459477,0.1262,2.3804,"ME",1,"Young1980","Ter-Miakelian",554.04713888656
"32","BEAL","HOW3",82,"C",21,16.5,105,1462115.499,50793349.47,-4.270514244,15.93777613,7.95774715459477,0.1588,2.3376,"ME",1,"Young1980","",195.735825351809
"33","BEAL","HOW2",79,"C",23.5,19.1,210,1462178.699,5079323.31,-16.54108521,-9.55,7.95774715459477,0.1588,2.3376,"ME",1,"Young1980","",254.600195580765
"34","PCRU","HOW1",1,"I",23,3.4,263,1462557.466,5079329.485,-0.414355768,-3.374656916,7.95774715459477,0.2066,2.183,"NH",1,"Whittaker1974","",193.991268647093
"35","PCRU","HOW1",2,"I",13.2,3.5,286,1462558.845,5079329.496,0.964730745,-3.364415936,7.95774715459477,0.2066,2.183,"NH",1,"Whittaker1974","",57.7222443587208
"36","PCRU","HOW1",3,"I",21.3,4.85,273,1462558.134,5079328.017,0.253829388,-4.843353244,7.95774715459477,0.2066,2.183,"NH",1,"Whittaker1974","",164.052552315326
"37","PCRU","HOW1",45,"C",20.9,16.7,160,1462542.187,5079338.572,-15.69286677,5.711736394,7.95774715459477,0.2066,2.183,"NH",1,"Whittaker1974","",157.401787405715
"38","PCRU","HOW1",6,"C",27.5,6.73,260,1462556.711,5079326.232,-1.168652236,-6.627756178,7.95774715459477,0.2066,2.183,"NH",1,"Whittaker1974","",286.545496875134
"39","PCRU","HOW1",47,"C",20.1,16.5,182,1462541.39,5079332.284,-16.48994865,-0.575841696,7.95774715459477,0.2066,2.183,"NH",1,"Whittaker1974","",144.546410221649
"40","PCRU","HOW1",4,"I",16,5.45,275,1462558.355,5079327.431,0.474998798,-5.429261105,7.95774715459477,0.2066,2.183,"NH",1,"Whittaker1974","",87.8464547723155
"41","PCRU","HOW1",9,"C",21.3,9.45,297,1462562.17,5079324.44,4.290210223,-8.420011654,7.95774715459477,0.2066,2.183,"NH",1,"Whittaker1974","",164.052552315326
"42","PCRU","HOW1",10,"I",13.5,11.5,294,1462562.557,5079322.354,4.677471395,-10.50577276,7.95774715459477,0.2066,2.183,"NH",1,"Whittaker1974","",60.6246066523834
"43","PCRU","HOW1",91,"I",13.7,14.3,107,1462553.699,5079346.535,-4.180915378,13.67515801,7.95774715459477,0.2066,2.183,"NH",1,"Whittaker1974","",62.6024478752603
"44","PCRU","HOW2",73,"D",26.4,11.6,200,1462184.34,5079328.893,-10.9004344,-3.967433663,7.95774715459477,0.2066,2.183,"NH",1,"Whittaker1974","",262.114888105532
"45","PCRU","HOW1",13,"C",29,19.5,293,1462565.499,5079314.91,7.619257006,-17.94984464,7.95774715459477,0.2066,2.183,"NH",1,"Whittaker1974","",321.76970074031
"46","PCRU","HOW1",54,"C",22.6,18.5,189,1462539.608,5079329.966,-18.2722343,-2.894037603,7.95774715459477,0.2066,2.183,"NH",1,"Whittaker1974","",186.702029918197
"47","PCRU","HOW1",15,"C",31.2,21.1,279,1462561.181,5079312.02,3.300767212,-20.84022399,7.95774715459477,0.2066,2.183,"NH",1,"Whittaker1974","",377.459009499268
"48","PCRU","HOW1",16,"D",34.1,20.6,271,1462558.24,5079312.263,0.359519573,-20.59686252,7.95774715459477,0.2066,2.183,"NH",1,"Whittaker1974","",458.282344833148
"49","PCRU","HOW1",57,"C",36.1,28.5,208,1462532.716,5079319.48,-25.1640064,-13.37993954,7.95774715459477,0.2066,2.183,"NH",1,"Whittaker1974","",519.001411459886
"50","PCRU","HOW1",18,"C",36.4,26.3,268,1462556.962,5079306.576,-0.917856763,-26.28397875,7.95774715459477,0.2066,2.183,"NH",1,"Whittaker1974","",528.463063071865
"51","PCRU","HOW1",59,"D",44.2,29,219,1462535.343,5079314.61,-22.53723288,-18.25029134,7.95774715459477,0.2066,2.183,"NH",1,"Whittaker1974","",807.396999589435
"52","PCRU","HOW1",20,"C",20.5,5.5,298,1462560.462,5079328.004,2.582093595,-4.856211761,7.95774715459477,0.2066,2.183,"NH",1,"Whittaker1974","",150.899915251979
"53","PCRU","HOW1",48,"C",24.8,11.8,186,1462546.145,5079331.627,-11.73535837,-1.233435867,7.95774715459477,0.2066,2.183,"NH",1,"Whittaker1974","",228.674815009575
"54","PCRU","HOW1",22,"S",17.1,9.7,334,1462566.598,5079328.608,8.718302249,-4.252200124,7.95774715459477,0.2066,2.183,"NH",1,"Whittaker1974","",101.568918040611
"55","PCRU","HOW1",23,"C",29.5,11.1,345,1462568.602,5079329.987,10.72177667,-2.872891401,7.95774715459477,0.2066,2.183,"NH",1,"Whittaker1974","",334.004084714893
"56","PCRU","HOW1",64,"C",23.1,12.3,218,1462548.187,5079325.287,-9.692532269,-7.572636147,7.95774715459477,0.2066,2.183,"NH",1,"Whittaker1974","",195.837235237058
"57","PCRU","HOW1",25,"C",20.7,12.6,320,1462567.532,5079324.761,9.652159983,-8.099123882,7.95774715459477,0.2066,2.183,"NH",1,"Whittaker1974","",154.132272391881
"58","PCRU","HOW1",26,"C",22.3,17.4,332,1462573.243,5079324.691,15.36328812,-8.168805192,7.95774715459477,0.2066,2.183,"NH",1,"Whittaker1974","",181.334247003039
"59","PCRU","HOW1",27,"C",28.1,18.2,334,1462574.238,5079324.882,16.35805164,-7.978354872,7.95774715459477,0.2066,2.183,"NH",1,"Whittaker1974","",300.369764147832
"60","PCRU","HOW1",28,"C",20.5,16.5,347,1462573.957,5079329.148,16.07710607,-3.711692397,7.95774715459477,0.2066,2.183,"NH",1,"Whittaker1974","",150.899915251979
"61","PCRU","HOW1",109,"I",31.8,8.1,355,1462565.949,5079332.154,8.069177055,-0.705961516,7.95774715459477,0.2066,2.183,"NH",1,"Whittaker1974","",393.485488164305
"62","PCRU","HOW1",70,"D",19.5,12.6,240,1462551.58,5079321.948,-6.3,-10.91192009,7.95774715459477,0.2066,2.183,"NH",1,"Whittaker1974","",135.293170345456
"63","PCRU","HOW1",31,"C",11.6,10.9,320,1462566.23,5079325.854,8.34988443,-7.006384946,7.95774715459477,0.2066,2.183,"NH",1,"Whittaker1974","",43.5353567534604
"64","PCRU","HOW1",32,"I",10.1,11.2,330,1462567.579,5079327.26,9.699484522,-5.6,7.95774715459477,0.2066,2.183,"NH",1,"Whittaker1974","",32.1783577805803
"65","PCRU","HOW1",33,"C",23.2,3.6,180,1462554.28,5079332.86,-3.6,4.41053e-16,7.95774715459477,0.2066,2.183,"NH",1,"Whittaker1974","",197.692679673909
"66","PCRU","HOW1",21,"C",28.7,7.3,333,1462564.384,5079329.546,6.504347627,-3.314130648,7.95774715459477,0.2066,2.183,"NH",1,"Whittaker1974","",314.54768828134
"67","PCRU","HOW1",35,"C",25.5,3.7,248,1462556.494,5079329.429,-1.386044396,-3.430580262,7.95774715459477,0.2066,2.183,"NH",1,"Whittaker1974","",243.000703592378
"68","PCRU","HOW1",36,"I",26.9,7.2,203,1462551.252,5079330.047,-6.627634945,-2.813264125,7.95774715459477,0.2066,2.183,"NH",1,"Whittaker1974","",273.0734922584
"69","PCRU","HOW1",77,"D",43.3,7.1,135,1462552.86,5079337.88,-5.020458146,5.020458146,7.95774715459477,0.2066,2.183,"NH",1,"Whittaker1974","",771.939732236974
"70","PCRU","HOW1",38,"C",19.4,7.1,177,1462550.79,5079333.232,-7.090269697,0.371585289,7.95774715459477,0.2066,2.183,"NH",1,"Whittaker1974","",133.783173465445
"71","PCRU","HOW1",39,"C",33,10.9,176,1462547.007,5079333.62,-10.87344815,0.760345564,7.95774715459477,0.2066,2.183,"NH",1,"Whittaker1974","",426.624947592473
"72","PCRU","HOW1",80,"C",14.6,4.7,92,1462557.716,5079337.557,-0.164027635,4.697136887,7.95774715459477,0.2066,2.183,"NH",1,"Whittaker1974","",71.9304208641959
"73","PCRU","HOW1",81,"C",24.1,4.4,77,1462558.87,5079337.147,0.989784639,4.287228285,7.95774715459477,0.2066,2.183,"NH",1,"Whittaker1974","",214.819410822071
"74","PCRU","HOW1",122,"C",23.4,17.6,74,1462562.731,5079349.778,4.851217462,16.91820585,7.95774715459477,0.2066,2.183,"NH",1,"Whittaker1974","",201.432032042722
"75","PCRU","HOW1",43,"C",23.5,14.4,160,1462544.348,5079337.785,-13.53157374,4.925090064,7.95774715459477,0.2066,2.183,"NH",1,"Whittaker1974","",203.315954886244
"76","PCRU","HOW1",44,"C",20,17.3,154,1462542.331,5079340.444,-15.549137,7.583820839,7.95774715459477,0.2066,2.183,"NH",1,"Whittaker1974","",142.981153929473
"77","PCRU","HOW1",85,"I",12.3,9.2,152,1462549.757,5079337.179,-8.123117854,4.319138378,7.95774715459477,0.2066,2.183,"NH",1,"Whittaker1974","",49.4758398940738
"78","PCRU","HOW1",46,"C",23,17.4,163,1462541.24,5079337.947,-16.63970275,5.087267662,7.95774715459477,0.2066,2.183,"NH",1,"Whittaker1974","",193.991268647093
"79","PCRU","HOW1",87,"C",27,13.8,140,1462547.309,5079341.73,-10.57141332,8.870469014,7.95774715459477,0.2066,2.183,"NH",1,"Whittaker1974","",275.29442359132
"80","PCRU","HOW1",88,"I",10.5,10.5,132,1462550.854,5079340.663,-7.025871367,7.803020668,7.95774715459477,0.2066,2.183,"NH",1,"Whittaker1974","",35.0256785062557
"81","PCRU","HOW1",49,"C",37.4,12.9,192,1462545.262,5079330.178,-12.61810405,-2.682060812,7.95774715459477,0.2066,2.183,"NH",1,"Whittaker1974","",560.67220248597
"82","PCRU","HOW1",130,"C",23.4,16.2,356,1462574.041,5079331.73,16.16053761,-1.130054875,7.95774715459477,0.2066,2.183,"NH",1,"Whittaker1974","",201.432032042722
"83","PCRU","HOW1",131,"C",23.6,16.6,354,1462574.389,5079331.125,16.50906346,-1.73517249,7.95774715459477,0.2066,2.183,"NH",1,"Whittaker1974","",205.209385400178
"84","PCRU","HOW1",105,"I",16.4,3.4,6,1462561.261,5079333.215,3.381374444,0.355396775,7.95774715459477,0.2066,2.183,"NH",1,"Whittaker1974","",92.7116771408064
"85","PCRU","HOW1",93,"C",32,15.2,117,1462550.979,5079346.403,-6.900655596,13.54329917,7.95774715459477,0.2066,2.183,"NH",1,"Whittaker1974","",398.90797592721
"86","PCRU","HOW1",134,"C",32.7,16.2,1,1462574.078,5079333.143,16.19753266,0.282728984,7.95774715459477,0.2066,2.183,"NH",1,"Whittaker1974","",418.2038833277
"87","PCRU","HOW1",55,"C",25.8,17.4,190,1462540.744,5079329.839,-17.1356549,-3.021478291,7.95774715459477,0.2066,2.183,"NH",1,"Whittaker1974","",249.28499335249
"88","PCRU","HOW1",96,"C",20.9,17.6,132,1462546.103,5079345.939,-11.77669867,13.07934893,7.95774715459477,0.2066,2.183,"NH",1,"Whittaker1974","",157.401787405715
"89","PCRU","HOW1",97,"C",20.9,17,133,1462546.286,5079345.293,-11.59397212,12.43301293,7.95774715459477,0.2066,2.183,"NH",1,"Whittaker1974","",157.401787405715
"90","PCRU","HOW1",58,"C",32.1,29.9,205,1462530.781,5079320.224,-27.09860283,-12.63628603,7.95774715459477,0.2066,2.183,"NH",1,"Whittaker1974","",401.634307387363
"91","PCRU","HOW1",139,"D",45,28,70,1462567.457,5079359.171,9.576564013,26.31139338,7.95774715459477,0.2066,2.183,"NH",1,"Whittaker1974","",839.640221938882
"92","PCRU","HOW1",100,"C",32.9,19.8,123,1462547.096,5079349.466,-10.78385289,16.60567725,7.95774715459477,0.2066,2.183,"NH",1,"Whittaker1974","",423.807816547745
"93","PCRU","HOW2",82,"C",12.6,2.9,153,1462192.656,5079334.177,-2.58391892,1.316572449,7.95774715459477,0.2066,2.183,"NH",1,"Whittaker1974","",52.1481873562078
"94","PCRU","HOW1",75,"I",13.3,3.9,156,1462554.317,5079334.446,-3.562827285,1.586272908,7.95774715459477,0.2066,2.183,"NH",1,"Whittaker1974","",58.6811274490769
"95","PCRU","HOW2",17,"C",26.3,16.1,89,1462195.521,5079348.958,0.280983744,16.09754789,7.95774715459477,0.2066,2.183,"NH",1,"Whittaker1974","",259.952331011146
"96","PCRU","HOW1",104,"I",31.7,22.6,152,1462537.925,5079343.47,-19.9546156,10.61005732,7.95774715459477,0.2066,2.183,"NH",1,"Whittaker1974","",390.789320325572
"97","PCRU","HOW1",118,"C",24.6,10.5,65,1462562.317,5079342.376,4.437491748,9.516231764,7.95774715459477,0.2066,2.183,"NH",1,"Whittaker1974","",224.668225947162
"98","PCRU","HOW1",66,"C",26.4,9.4,210,1462549.739,5079328.16,-8.140638796,-4.7,7.95774715459477,0.2066,2.183,"NH",1,"Whittaker1974","",262.114888105532
"99","PCRU","HOW1",67,"I",14.8,9.1,221,1462551.012,5079326.89,-6.86785718,-5.970137164,7.95774715459477,0.2066,2.183,"NH",1,"Whittaker1974","",74.0988796922304
"100","PCRU","HOW1",68,"C",19.1,9.9,243,1462553.385,5079324.039,-4.494505947,-8.820964589,7.95774715459477,0.2066,2.183,"NH",1,"Whittaker1974","",129.308227277495
"101","PCRU","HOW2",10,"C",21.4,13.1,41,1462205.127,5079341.454,9.886695501,8.59437328,7.95774715459477,0.2066,2.183,"NH",1,"Whittaker1974","",165.738568852749
"102","PCRU","HOW1",110,"I",17,9.5,4,1462567.357,5079333.523,9.476858477,0.662686501,7.95774715459477,0.2066,2.183,"NH",1,"Whittaker1974","",100.276764466658
"103","PCRU","HOW1",71,"C",29.4,18.1,252,1462552.287,5079315.646,-5.593207598,-17.21412294,7.95774715459477,0.2066,2.183,"NH",1,"Whittaker1974","",331.537409290593
"104","PCRU","HOW2",53,"C",31,11.3,289,1462198.919,5079322.176,3.678920145,-10.6843599,7.95774715459477,0.2066,2.183,"NH",1,"Whittaker1974","",372.197022741798
"105","PCRU","HOW1",113,"C",16.8,11.1,34,1462567.082,5079339.067,9.202317055,6.207041229,7.95774715459477,0.2066,2.183,"NH",1,"Whittaker1974","",97.7193296768295
"106","PCRU","HOW1",34,"I",15.7,5,207,1462553.425,5079330.59,-4.455032621,-2.269952499,7.95774715459477,0.2066,2.183,"NH",1,"Whittaker1974","",84.2906219582586
"107","PCRU","HOW2",29,"C",16.6,12.4,20,1462206.892,5079337.101,11.6521885,4.241049777,7.95774715459477,0.2066,2.183,"NH",1,"Whittaker1974","",95.1976600015646
"108","PCRU","HOW1",129,"C",22.5,14.3,345,1462571.693,5079329.159,13.81273932,-3.701112345,7.95774715459477,0.2066,2.183,"NH",1,"Whittaker1974","",184.903339197785
"109","PCRU","HOW2",98,"C",27.5,11.3,120,1462189.59,5079342.646,-5.65,9.786087063,7.95774715459477,0.2066,2.183,"NH",1,"Whittaker1974","",286.545496875134
"110","PCRU","HOW3",72,"C",26.4,14.9,8,1462134.525,50793335.6,14.75499422,2.073679204,7.95774715459477,0.2066,2.183,"NH",1,"Whittaker1974","",262.114888105532
"111","PCRU","HOW1",79,"C",15.5,7.2,105,1462556.017,5079339.815,-1.863497125,6.954665949,7.95774715459477,0.2066,2.183,"NH",1,"Whittaker1974","",81.9642396186231
"112","PCRU","HOW1",120,"C",28.5,12,44,1462566.512,5079341.196,8.632077604,8.335900446,7.95774715459477,0.2066,2.183,"NH",1,"Whittaker1974","",309.782333304042
"113","PCRU","HOW2",22,"C",39.1,17.8,43,1462208.258,5079345,13.01809589,12.13957081,7.95774715459477,0.2066,2.183,"NH",1,"Whittaker1974","",617.806080825874
"114","PCRU","HOW2",63,"S",18.5,10.6,224,1462187.615,5079325.497,-7.625001884,-7.363378727,7.95774715459477,0.2066,2.183,"NH",1,"Whittaker1974","",120.605246401078
"115","PCRU","HOW1",83,"I",12.7,9.1,100,1462556.3,5079341.822,-1.580198417,8.961750552,7.95774715459477,0.2066,2.183,"NH",1,"Whittaker1974","",53.0559188203325
"116","PCRU","HOW1",84,"I",15,9.9,110,1462554.494,5079342.163,-3.385999419,9.302956946,7.95774715459477,0.2066,2.183,"NH",1,"Whittaker1974","",76.3022835725501
"117","PCRU","HOW1",125,"I",25.1,18.6,21,1462575.245,5079339.526,17.36459593,6.665643862,7.95774715459477,0.2066,2.183,"NH",1,"Whittaker1974","",234.756729846953
"118","PCRU","HOW1",86,"C",19.3,10.9,161,1462547.574,5079336.409,-10.30615247,3.548692884,7.95774715459477,0.2066,2.183,"NH",1,"Whittaker1974","",132.282356452037
"119","PCRU","HOW1",127,"C",25.1,17.4,14,1462574.763,5079337.069,16.88314564,4.209440983,7.95774715459477,0.2066,2.183,"NH",1,"Whittaker1974","",234.756729846953
"120","PCRU","HOW1",114,"C",13.5,9.3,36,1462565.404,5079338.326,7.523858048,5.466402846,7.95774715459477,0.2066,2.183,"NH",1,"Whittaker1974","",60.6246066523834
"121","PCRU","HOW2",16,"D",28.1,12.7,89,1462195.462,5079345.558,0.221645562,12.69806573,7.95774715459477,0.2066,2.183,"NH",1,"Whittaker1974","",300.369764147832
"122","PCRU","HOW3",71,"C",31.5,18.2,90,1462119.77,50793351.73,1.11489e-15,18.2,7.95774715459477,0.2066,2.183,"NH",1,"Whittaker1974","",385.427107782295
"123","PCRU","HOW1",95,"C",25.4,17.5,125,1462547.842,5079347.195,-10.03758764,14.33516078,7.95774715459477,0.2066,2.183,"NH",1,"Whittaker1974","",240.925251251541
"124","PCRU","HOW2",86,"C",23.3,7.4,157,1462188.428,5079335.751,-6.811735916,2.891410351,7.95774715459477,0.2066,2.183,"NH",1,"Whittaker1974","",199.557609452847
"125","PCRU","HOW1",133,"C",32,28.3,355,1462586.072,5079330.393,28.19230996,-2.46650752,7.95774715459477,0.2066,2.183,"NH",1,"Whittaker1974","",398.90797592721
"126","PCRU","HOW2",35,"C",34.3,5.6,329,1462200.04,5079329.976,4.800136884,-2.884213219,7.95774715459477,0.2066,2.183,"NH",1,"Whittaker1974","",464.170334863757
"127","PCRU","HOW2",80,"C",12.9,3,110,1462194.214,5079335.679,-1.02606043,2.819077862,7.95774715459477,0.2066,2.183,"NH",1,"Whittaker1974","",54.896879018414
"128","PCRU","HOW2",90,"D",36.8,15.4,146,1462182.473,5079341.472,-12.76717862,8.611570713,7.95774715459477,0.2066,2.183,"NH",1,"Whittaker1974","",541.222826903007
"129","PCRU","HOW1",137,"C",31.1,24.1,45,1462574.921,5079349.901,17.04127343,17.04127343,7.95774715459477,0.2066,2.183,"NH",1,"Whittaker1974","",374.823012159753
"130","PCRU","HOW1",111,"C",15.5,10.8,110,1462554.186,5079343.009,-3.693817548,10.1486803,7.95774715459477,0.2066,2.183,"NH",1,"Whittaker1974","",81.9642396186231
"131","PCRU","HOW2",70,"C",31.4,15.8,263,1462193.314,5079317.178,-1.925535626,-15.6822292,7.95774715459477,0.2066,2.183,"NH",1,"Whittaker1974","",382.761051452371
"132","PCRU","HOW2",94,"C",36,6.9,115,1462192.324,5079339.114,-2.916066006,6.253523731,7.95774715459477,0.2066,2.183,"NH",1,"Whittaker1974","",515.868103973714
"133","PCRU","HOW2",68,"D",27.3,17.3,235,1462185.317,5079318.689,-9.922872349,-14.17133037,7.95774715459477,0.2066,2.183,"NH",1,"Whittaker1974","",282.015757937005
"134","PCRU","HOW2",69,"D",49.4,19.1,268,1462194.573,5079313.772,-0.666580387,-19.0883648,7.95774715459477,0.2066,2.183,"NH",1,"Whittaker1974","",1029.28642896054
"135","PCRU","HOW1",107,"C",21.7,6.4,13,1462564.116,5079334.3,6.235968415,1.439686748,7.95774715459477,0.2066,2.183,"NH",1,"Whittaker1974","",170.852727456635
"136","PCRU","HOW2",9,"D",38.6,11.4,48,1462202.868,5079341.332,7.628088912,8.47185101,7.95774715459477,0.2066,2.183,"NH",1,"Whittaker1974","",600.690001661783
"137","PCRU","HOW2",19,"C",28.8,16.5,63,1462202.731,5079347.562,7.490843246,14.70160765,7.95774715459477,0.2066,2.183,"NH",1,"Whittaker1974","",316.945155489235
"138","PCRU","HOW2",47,"D",21.2,18.2,356,1462213.396,5079331.59,18.15566571,-1.269567822,7.95774715459477,0.2066,2.183,"NH",1,"Whittaker1974","",162.375873955854
"139","PCRU","HOW2",105,"C",33.8,19.9,154,1462177.354,5079341.584,-17.88600152,8.723585821,7.95774715459477,0.2066,2.183,"NH",1,"Whittaker1974","",449.526681145337
"140","PCRU","HOW2",93,"C",25.1,9.6,140,1462187.886,5079339.031,-7.354026654,6.170761053,7.95774715459477,0.2066,2.183,"NH",1,"Whittaker1974","",234.756729846953
"141","PCRU","HOW3",77,"I",23.4,19.5,300,1462129.52,50793316.64,9.75,-16.88749537,7.95774715459477,0.2066,2.183,"NH",1,"Whittaker1974","",201.432032042722
"142","PCRU","HOW2",91,"C",29.2,14.3,137,1462184.782,5079342.613,-10.45835793,9.752576549,7.95774715459477,0.2066,2.183,"NH",1,"Whittaker1974","",326.633768760483
"143","PCRU","HOW3",81,"D",37.1,16.1,253,1462115.063,50793318.13,-4.707184446,-15.39650657,7.95774715459477,0.2066,2.183,"NH",1,"Whittaker1974","",550.901001476929
"144","PCRU","HOW3",70,"C",30.6,16,88,1462120.328,50793349.52,0.558391947,15.99025323,7.95774715459477,0.2066,2.183,"NH",1,"Whittaker1974","",361.793026118321
"145","PCRU","HOW1",126,"C",21.5,18.1,15,1462575.363,5079337.545,17.48325746,4.684624716,7.95774715459477,0.2066,2.183,"NH",1,"Whittaker1974","",167.433931575744
"146","PCRU","HOW3",68,"C",21,18.9,110,1462113.306,50793351.29,-6.464180709,17.76019053,7.95774715459477,0.2066,2.183,"NH",1,"Whittaker1974","",159.050499586136
"147","PCRU","HOW1",119,"I",17.4,12.2,56,1462564.702,5079342.974,6.822153422,10.11425839,7.95774715459477,0.2066,2.183,"NH",1,"Whittaker1974","",105.499238816722
"148","PCRU","HOW3",75,"D",37.6,9.7,339,1462128.826,50793330.05,9.055730137,-3.476169111,7.95774715459477,0.2066,2.183,"NH",1,"Whittaker1974","",567.238085638791
"149","PCRU","HOW2",102,"C",41.2,18.9,119,1462186.077,5079349.39,-9.162901823,16.53031246,7.95774715459477,0.2066,2.183,"NH",1,"Whittaker1974","",692.549690919372
"150","PCRU","HOW2",36,"S",14.3,5.3,353,1462200.5,5079332.214,5.260494604,-0.64590752,7.95774715459477,0.2066,2.183,"NH",1,"Whittaker1974","",68.7430642316838
"151","PCRU","HOW1",123,"C",23.9,17.9,78,1462561.602,5079350.369,3.721619266,17.50884205,7.95774715459477,0.2066,2.183,"NH",1,"Whittaker1974","",210.946796747208
"152","PCRU","HOW3",65,"C",18.2,5.5,149,1462115.056,50793336.36,-4.714420154,2.832709412,7.95774715459477,0.2066,2.183,"NH",1,"Whittaker1974","",116.376731904335
"153","PCRU","HOW2",66,"D",30.2,14.4,250,1462190.315,5079319.328,-4.925090064,-13.53157374,7.95774715459477,0.2066,2.183,"NH",1,"Whittaker1974","",351.548681683492
"154","PCRU","HOW3",67,"C",34.7,14.5,97,1462118.003,50793347.92,-1.767105479,14.3919192,7.95774715459477,0.2066,2.183,"NH",1,"Whittaker1974","",476.068625149212
"155","PCRU","HOW2",67,"S",23.4,15.9,238,1462186.814,5079319.376,-8.425716301,-13.48396473,7.95774715459477,0.2066,2.183,"NH",1,"Whittaker1974","",201.432032042722
"156","PCRU","HOW3",73,"C",32.6,14.9,10,1462134.444,50793336.12,14.67363552,2.587357847,7.95774715459477,0.2066,2.183,"NH",1,"Whittaker1974","",415.417069875672
"157","PCRU","HOW2",34,"C",34.1,3.4,308,1462197.333,5079330.181,2.093249016,-2.679236562,7.95774715459477,0.2066,2.183,"NH",1,"Whittaker1974","",458.282344833148
"158","PCRU","HOW2",88,"D",45.2,14.2,176,1462181.075,5079333.851,-14.16540951,0.990541927,7.95774715459477,0.2066,2.183,"NH",1,"Whittaker1974","",847.808019677084
"159","PCRU","HOW2",49,"D",24.9,13.9,329,1462207.155,5079325.701,11.91462548,-7.159029241,7.95774715459477,0.2066,2.183,"NH",1,"Whittaker1974","",230.692508715915
"160","PCRU","HOW2",76,"C",38.3,13.8,213,1462183.666,5079325.344,-11.57365384,-7.516018683,7.95774715459477,0.2066,2.183,"NH",1,"Whittaker1974","",590.545331733039
"161","PCRU","HOW2",24,"C",41.3,15.6,25,1462209.378,5079339.453,14.13840148,6.592844883,7.95774715459477,0.2066,2.183,"NH",1,"Whittaker1974","",696.224464726571
"162","PCRU","HOW2",12,"D",36.9,9.8,70,1462198.592,5079342.069,3.351797405,9.208987684,7.95774715459477,0.2066,2.183,"NH",1,"Whittaker1974","",544.438557330642
"163","PCRU","HOW3",80,"I",12.2,10.2,245,1462115.459,50793324.29,-4.31070627,-9.244339428,7.95774715459477,0.2066,2.183,"NH",1,"Whittaker1974","",48.6019649106812
"164","PCRU","HOW3",76,"C",25.7,16.8,295,1462126.87,50793318.3,7.099986797,-15.22597082,7.95774715459477,0.2066,2.183,"NH",1,"Whittaker1974","",247.18056773902
"165","PCRU","HOW3",78,"C",28,12.4,274,1462120.635,50793321.16,0.864980274,-12.36979422,7.95774715459477,0.2066,2.183,"NH",1,"Whittaker1974","",298.041197446757
"166","PCRU","HOW2",20,"C",30.5,15.6,60,1462203.04,5079346.37,7.8,13.5099963,7.95774715459477,0.2066,2.183,"NH",1,"Whittaker1974","",359.216987545598
"167","PCRU","HOW3",74,"C",23.7,16.9,28,1462134.692,50793341.46,14.92181432,7.934069411,7.95774715459477,0.2066,2.183,"NH",1,"Whittaker1974","",207.112330975552
"168","PCRU","HOW3",66,"C",24.2,16.8,152,1462104.936,50793341.42,-14.83351956,7.887122255,7.95774715459477,0.2066,2.183,"NH",1,"Whittaker1974","",216.77004168284
"169","PCRU","HOW3",79,"C",34.3,17.8,342,1462136.699,50793328.03,16.92880599,-5.5005025,7.95774715459477,0.2066,2.183,"NH",1,"Whittaker1974","",464.170334863757
"170","PCRU","HOW2",104,"D",28.9,16.9,114,1462188.366,5079348.299,-6.873849268,15.43891823,7.95774715459477,0.2066,2.183,"NH",1,"Whittaker1974","",319.352490888376
"171","PIST","HOW2",46,"",56.3,17.3,357,1462212.516,5079331.955,17.27629095,-0.905412043,7.95774715459477,0.0696,2.449,"ME",1,"Young1980","",1347.73435351947
"172","PIST","HOW1",106,"D",48.9,4.8,54,1462560.701,5079336.743,2.821369211,3.883281573,7.95774715459477,0.0696,2.449,"ME",1,"Young1980","",954.391660065556
"173","PIST","HOW1",124,"D",47.3,19.2,55,1462568.893,5079348.588,11.01266758,15.72771925,7.95774715459477,0.0696,2.449,"ME",1,"Young1980","",879.719407956615
"174","PIST","HOW1",112,"D",48.4,13.1,19,1462570.266,5079337.125,12.38629334,4.264942823,7.95774715459477,0.0696,2.449,"ME",1,"Young1980","",930.669604740085
"175","PIST","HOW1",29,"D",37.5,20.3,337,1462576.566,5079324.928,18.68624853,-7.931841908,7.95774715459477,0.0696,2.449,"ME",1,"Young1980","",498.209281746397
"176","PIST","HOW1",103,"D",37,23.1,145,1462538.958,5079346.11,-18.92241222,13.24961568,7.95774715459477,0.0696,2.449,"ME",1,"Young1980","",482.097924569929
"177","PIST","HOW1",128,"C",29.8,14.4,350,1462572.061,5079330.359,14.18123164,-2.500533758,7.95774715459477,0.0696,2.449,"ME",1,"Young1980","",283.768948116039
"178","PIST","HOW3",64,"",86.5,18,150,1462104.182,50793342.53,-15.58845727,9,7.95774715459477,0.0696,2.449,"ME",1,"Young1980","",3857.99523393127
"179","PIST","HOW1",138,"D",45.6,24.2,40,1462576.418,5079348.415,18.53827552,15.55546015,7.95774715459477,0.0696,2.449,"ME",1,"Young1980","",804.29272289263
"180","PIST","HOW1",135,"D",36.5,20.9,1,1462578.777,5079333.225,20.89681683,0.364755295,7.95774715459477,0.0696,2.449,"ME",1,"Young1980","",466.298979142215
"181","PIST","HOW1",136,"D",36.5,22.4,29,1462577.471,5079343.72,19.59148144,10.85973549,7.95774715459477,0.0696,2.449,"ME",1,"Young1980","",466.298979142215
"182","PIST","HOW2",106,"D",74.4,19.8,158,1462176.882,5079340.277,-18.35824032,7.41721055,7.95774715459477,0.0696,2.449,"ME",1,"Young1980","",2667.4197274532
"183","PIST","HOW2",27,"D",66.6,18.8,8,1462213.857,5079335.476,18.61703969,2.616454298,7.95774715459477,0.0696,2.449,"ME",1,"Young1980","",2033.75028520495
"184","THOC","HOW1",50,"S",19.1,12.8,194,1462545.46,5079329.763,-12.4197853,-3.096600264,7.95774715459477,0.2305,1.9269,"ME",1,"Young1980","",67.778838944542
"185","THOC","HOW1",52,"C",22.7,15.3,187,1462542.694,5079330.995,-15.18595612,-1.864600954,7.95774715459477,0.2305,1.9269,"ME",1,"Young1980","",94.5359850739523
"186","THOC","HOW1",92,"S",11.6,11.6,95,1462556.869,5079344.416,-1.011006616,11.5558585,7.95774715459477,0.2305,1.9269,"ME",1,"Young1980","",25.9283588762862
"187","THOC","HOW2",96,"S",23.1,11.8,91,1462195.034,5079344.658,-0.205938396,11.7982028,7.95774715459477,0.2305,1.9269,"ME",1,"Young1980","",97.7720798492301
"188","THOC","HOW1",41,"S",12.4,11.3,178,1462546.587,5079333.254,-11.29311635,0.394364313,7.95774715459477,0.2305,1.9269,"ME",1,"Young1980","",29.483916654795
"189","THOC","HOW2",84,"C",22.8,7.1,178,1462188.144,5079333.108,-7.095674872,0.247786427,7.95774715459477,0.2305,1.9269,"ME",1,"Young1980","",95.3400963334888
"190","THOC","HOW2",45,"C",27.7,17.3,357,1462212.516,5079331.955,17.27629095,-0.905412043,7.95774715459477,0.2305,1.9269,"ME",1,"Young1980","",138.734731098866
"191","THOC","HOW1",65,"I",28.2,14.5,209,1462545.198,5079325.83,-12.68198575,-7.029739494,7.95774715459477,0.2305,1.9269,"ME",1,"Young1980","",143.600494866681
"192","THOC","HOW1",40,"I",15.6,11.2,181,1462546.682,5079332.665,-11.19829419,-0.195466952,7.95774715459477,0.2305,1.9269,"ME",1,"Young1980","",45.8883791812837
"193","THOC","HOW3",62,"",20,13.5,108,1462115.598,50793346.37,-4.171729424,12.83926297,7.95774715459477,0.2305,1.9269,"ME",1,"Young1980","",74.0671490517226
"194","THOC","HOW2",57,"C",26.5,4.7,240,1462192.89,5079328.79,-2.35,-4.070319398,7.95774715459477,0.2305,1.9269,"ME",1,"Young1980","",127.386499668409
"195","THOC","HOW2",58,"C",23.7,6.6,260,1462194.094,5079326.36,-1.146077973,-6.49973117,7.95774715459477,0.2305,1.9269,"ME",1,"Young1980","",102.724377380336
"196","THOC","HOW2",55,"C",31.5,8.4,278,1462196.409,5079324.542,1.169054048,-8.318251777,7.95774715459477,0.2305,1.9269,"ME",1,"Young1980","",177.731962282539
"197","THOC","HOW2",52,"S",22.3,11.9,290,1462199.31,5079321.678,4.070039706,-11.18234219,7.95774715459477,0.2305,1.9269,"ME",1,"Young1980","",91.3523177037612
"198","THOC","HOW2",101,"I",25,17.5,96,1462193.411,5079350.264,-1.829248107,17.40413317,7.95774715459477,0.2305,1.9269,"ME",1,"Young1980","",113.857470841128
"199","THOC","HOW3",63,"",10.1,10.5,243,1462115.003,50793324.17,-4.766900247,-9.355568504,7.95774715459477,0.2305,1.9269,"ME",1,"Young1980","",19.856275269677
"200","THOC","HOW2",59,"",25,8.6,238,1462190.683,5079325.567,-4.557305672,-7.293213627,7.95774715459477,0.2305,1.9269,"ME",1,"Young1980","",113.857470841128
"201","THOC","HOW2",87,"C",21.8,9.3,164,1462186.3,5079335.423,-8.939733772,2.563427409,7.95774715459477,0.2305,1.9269,"ME",1,"Young1980","",87.4465635263351
"202","THOC","HOW2",78,"C",28.4,16.8,180,1462178.44,5079332.86,-16.8,2.05825e-15,7.95774715459477,0.2305,1.9269,"ME",1,"Young1980","",145.569382304217
"203","THOC","HOW1",99,"I",26.2,19.4,129,1462545.671,5079347.937,-12.20881559,15.07663165,7.95774715459477,0.2305,1.9269,"ME",1,"Young1980","",124.622278690744
"204","THOC","HOW2",15,"I",27.8,10.2,79,1462197.186,5079342.873,1.946251753,10.01259727,7.95774715459477,0.2305,1.9269,"ME",1,"Young1980","",139.70142850573
"205","THOC","HOW1",51,"I",22.7,14.5,195,1462543.874,5079329.107,-14.00592448,-3.752876154,7.95774715459477,0.2305,1.9269,"ME",1,"Young1980","",94.5359850739523
"206","THOC","HOW1",132,"C",42.2,24.3,351,1462581.881,5079329.059,24.00082668,-3.8013575,7.95774715459477,0.2305,1.9269,"ME",1,"Young1980","",312.237809490453
"207","THOC","HOW1",89,"I",25.1,12.1,132,1462549.784,5079341.852,-8.096480337,8.992052388,7.95774715459477,0.2305,1.9269,"ME",1,"Young1980","",114.736665360256
"208","THOC","HOW2",71,"C",32,8.5,189,1462186.845,5079331.53,-8.395350895,-1.329692953,7.95774715459477,0.2305,1.9269,"ME",1,"Young1980","",183.20799544737
"209","THOC","HOW2",50,"I",26.9,14,298,1462201.813,5079320.499,6.572601879,-12.3612663,7.95774715459477,0.2305,1.9269,"ME",1,"Young1980","",131.117481298618
"210","THOC","HOW1",98,"I",21.2,19.4,125,1462546.753,5079348.752,-11.12738287,15.89154966,7.95774715459477,0.2305,1.9269,"ME",1,"Young1980","",82.8681226485591
"211","THOC","HOW1",53,"C",23.4,17.2,189,1462540.892,5079330.169,-16.98823946,-2.690672799,7.95774715459477,0.2305,1.9269,"ME",1,"Young1980","",100.233516121084
"212","THOC","HOW1",121,"C",16.6,12,43,1462566.656,5079341.044,8.776244419,8.183980321,7.95774715459477,0.2305,1.9269,"ME",1,"Young1980","",51.7246075906531
"213","TSCA","HOW1",24,"I",18.4,11.2,327,1462567.273,5079326.76,9.393110361,-6.099957192,7.95774715459477,0.0991,2.3617,"ME",1,"Young1980","Ter-Miakelian",96.2041722174448
"214","TSCA","HOW2",33,"C",37.8,1.9,343,1462197.057,5079332.304,1.816979036,-0.555506239,7.95774715459477,0.0991,2.3617,"ME",1,"Young1980","Ter-Miakelian",526.788199894037
"215","TSCA","HOW2",31,"S",11.8,1.1,317,1462196.044,5079332.11,0.804489072,-0.750198196,7.95774715459477,0.0991,2.3617,"ME",1,"Young1980","Ter-Miakelian",33.6928222760029
"216","TSCA","HOW3",5,"",20.5,12.5,176,1462107.3,50793334.4,-12.46955063,0.871955922,7.95774715459477,0.0991,2.3617,"ME",1,"Young1980","Ter-Miakelian",124.177453097324
"217","TSCA","HOW1",12,"D",27.8,16.1,278,1462560.121,5079316.917,2.240686925,-15.94331591,7.95774715459477,0.0991,2.3617,"ME",1,"Young1980","Ter-Miakelian",254.961290693359
"218","TSCA","HOW1",11,"D",42.5,12.8,287,1462561.622,5079320.619,3.74235782,-12.24070088,7.95774715459477,0.0991,2.3617,"ME",1,"Young1980","Ter-Miakelian",694.767973314903
"219","TSCA","HOW1",102,"D",43.6,24.5,91,1462557.452,5079357.356,-0.427583958,24.49626853,7.95774715459477,0.0991,2.3617,"ME",1,"Young1980","Ter-Miakelian",737.987313702112
"220","TSCA","HOW2",4,"S",10.9,5.6,33,1462199.937,5079335.91,4.69655518,3.049978596,7.95774715459477,0.0991,2.3617,"ME",1,"Young1980","Ter-Miakelian",27.9359737969702
"221","TSCA","HOW2",72,"C",27.1,10.3,190,1462185.096,5079331.071,-10.14351986,-1.78857623,7.95774715459477,0.0991,2.3617,"ME",1,"Young1980","Ter-Miakelian",240.058577745735
"222","TSCA","HOW1",63,"S",28.5,13,220,1462547.921,5079324.504,-9.958577761,-8.356238926,7.95774715459477,0.0991,2.3617,"ME",1,"Young1980","Ter-Miakelian",270.383857899664
"223","TSCA","HOW3",7,"C",29.3,6.3,115,1462117.108,50793339.24,-2.662495049,5.709739058,7.95774715459477,0.0991,2.3617,"ME",1,"Young1980","Ter-Miakelian",288.652227647199
"224","TSCA","HOW3",13,"D",64.4,14.7,128,1462110.72,50793345.11,-9.050223687,11.58375808,7.95774715459477,0.0991,2.3617,"ME",1,"Young1980","Ter-Miakelian",1854.04131415203
"225","TSCA","HOW2",44,"D",45.9,14.1,347,1462208.979,5079329.688,13.73861791,-3.171809866,7.95774715459477,0.0991,2.3617,"ME",1,"Young1980","Ter-Miakelian",833.25259319628
"226","TSCA","HOW1",62,"I",24.5,15.9,224,1462546.442,5079321.815,-11.43750283,-11.04506809,7.95774715459477,0.0991,2.3617,"ME",1,"Young1980","Ter-Miakelian",189.176504229605
"227","TSCA","HOW2",77,"C",20.1,15.5,205,1462181.192,5079326.309,-14.0477707,-6.550583057,7.95774715459477,0.0991,2.3617,"ME",1,"Young1980","Ter-Miakelian",118.530954940967
"228","TSCA","HOW2",2,"C",35.1,5.6,59,1462198.124,5079337.66,2.884213219,4.800136884,7.95774715459477,0.0991,2.3617,"ME",1,"Young1980","Ter-Miakelian",442.206855818363
"229","TSCA","HOW2",3,"S",19.3,6.5,43,1462199.994,5079337.293,4.753799061,4.43298934,7.95774715459477,0.0991,2.3617,"ME",1,"Young1980","Ter-Miakelian",107.689745639282
"230","TSCA","HOW2",5,"C",35.6,6.5,20,1462201.348,5079335.083,6.108002035,2.223130932,7.95774715459477,0.0991,2.3617,"ME",1,"Young1980","Ter-Miakelian",457.228312237853
"231","TSCA","HOW1",101,"D",38.7,24,80,1462562.048,5079356.495,4.167556264,23.63538607,7.95774715459477,0.0991,2.3617,"ME",1,"Young1980","Ter-Miakelian",556.891565903907
"232","TSCA","HOW3",20,"C",26.6,12.7,73,1462123.483,50793345.68,3.71312065,12.1450704,7.95774715459477,0.0991,2.3617,"ME",1,"Young1980","Ter-Miakelian",229.729419788999
"233","TSCA","HOW2",7,"C",25.3,9.4,0,1462204.64,5079332.86,9.4,0,7.95774715459477,0.0991,2.3617,"ME",1,"Young1980","Ter-Miakelian",204.090781815688
"234","TSCA","HOW1",76,"S",14.3,5.2,126,1462554.824,5079337.067,-3.056483312,4.206888371,7.95774715459477,0.0991,2.3617,"ME",1,"Young1980","Ter-Miakelian",53.043329193864
"235","TSCA","HOW1",37,"I",33.7,7.2,202,1462551.204,5079330.163,-6.675723753,-2.697167473,7.95774715459477,0.0991,2.3617,"ME",1,"Young1980","Ter-Miakelian",401.677209585524
"236","TSCA","HOW1",69,"C",25.8,13.3,251,1462553.55,5079320.285,-4.330056454,-12.57539706,7.95774715459477,0.0991,2.3617,"ME",1,"Young1980","Ter-Miakelian",213.744975250199
"237","TSCA","HOW1",17,"D",44.7,23.9,273,1462559.131,5079308.993,1.250829354,-23.86724588,7.95774715459477,0.0991,2.3617,"ME",1,"Young1980","Ter-Miakelian",782.71729810992
"238","TSCA","HOW1",14,"C",25.5,19.6,281,1462561.62,5079313.62,3.739856309,-19.2398928,7.95774715459477,0.0991,2.3617,"ME",1,"Young1980","Ter-Miakelian",207.921595271735
"239","TSCA","HOW2",37,"C",22.7,7.2,350,1462202.331,5079331.61,7.090615822,-1.250266879,7.95774715459477,0.0991,2.3617,"ME",1,"Young1980","Ter-Miakelian",157.979204063902
"240","TSCA","HOW2",41,"I",19.1,9,323,1462202.428,5079327.444,7.18771959,-5.416335208,7.95774715459477,0.0991,2.3617,"ME",1,"Young1980","Ter-Miakelian",105.072764275375
"241","TSCA","HOW1",74,"D",46.1,29.7,259,1462552.213,5079303.706,-5.667027163,-29.15432735,7.95774715459477,0.0991,2.3617,"ME",1,"Young1980","Ter-Miakelian",841.852740454472
"242","TSCA","HOW1",8,"S",15.2,8.24,284,1462559.873,5079324.865,1.99343642,-7.995236785,7.95774715459477,0.0991,2.3617,"ME",1,"Young1980","Ter-Miakelian",61.2679932917738
"243","TSCA","HOW2",30,"C",34,11.1,26,1462205.217,5079337.726,9.976613914,4.865919729,7.95774715459477,0.0991,2.3617,"ME",1,"Young1980","Ter-Miakelian",410.173324618551
"244","TSCA","HOW3",45,"S",15.6,7.1,185,1462112.697,50793332.91,-7.072982356,-0.618805774,7.95774715459477,0.0991,2.3617,"ME",1,"Young1980","Ter-Miakelian",65.1442394949408
"245","TSCA","HOW3",6,"C",39.8,6.2,117,1462116.955,50793339.05,-2.814741098,5.52424045,7.95774715459477,0.0991,2.3617,"ME",1,"Young1980","Ter-Miakelian",595.000739921274
"246","TSCA","HOW3",47,"D",43.2,11.1,197,1462109.155,50793330.28,-10.61498279,-3.245325922,7.95774715459477,0.0991,2.3617,"ME",1,"Young1980","Ter-Miakelian",722.097130762108
"247","TSCA","HOW2",21,"I",28.3,18.1,60,1462204.29,5079348.535,9.05,15.67505981,7.95774715459477,0.0991,2.3617,"ME",1,"Young1980","Ter-Miakelian",265.924088478758
"248","TSCA","HOW1",94,"I",37.6,15.4,115,1462551.372,5079346.817,-6.508321231,13.95713992,7.95774715459477,0.0991,2.3617,"ME",1,"Young1980","Ter-Miakelian",520.229275161504
"249","TSCA","HOW1",82,"C",40.5,6.7,79,1462559.158,5079339.437,1.278420269,6.576902129,7.95774715459477,0.0991,2.3617,"ME",1,"Young1980","Ter-Miakelian",620.012125195772
"250","TSCA","HOW3",11,"C",23.5,13.3,110,1462115.221,50793346.03,-4.548867906,12.49791186,7.95774715459477,0.0991,2.3617,"ME",1,"Young1980","Ter-Miakelian",171.444921396195
"251","TSCA","HOW3",53,"C",36,18.7,185,1462101.141,50793331.9,-18.62884085,-1.629812389,7.95774715459477,0.0991,2.3617,"ME",1,"Young1980","Ter-Miakelian",469.454245068253
"252","TSCA","HOW2",1,"C",31.3,3.8,48,1462197.783,5079335.684,2.542696304,2.823950337,7.95774715459477,0.0991,2.3617,"ME",1,"Young1980","Ter-Miakelian",337.365537435424
"253","TSCA","HOW2",40,"S",10.2,9.4,330,1462203.381,5079328.16,8.140638796,-4.7,7.95774715459477,0.0991,2.3617,"ME",1,"Young1980","Ter-Miakelian",23.8827691143315
"254","TSCA","HOW2",28,"C",23.7,13.7,15,1462208.473,5079336.406,13.23318382,3.545820918,7.95774715459477,0.0991,2.3617,"ME",1,"Young1980","Ter-Miakelian",174.91087938491
"255","TSCA","HOW2",42,"I",28.1,12.3,351,1462207.389,5079330.936,12.14856659,-1.92414392,7.95774715459477,0.0991,2.3617,"ME",1,"Young1980","Ter-Miakelian",261.507031120936
"256","TSCA","HOW3",17,"C",31.4,6,82,1462120.605,50793339.47,0.835038606,5.941608412,7.95774715459477,0.0991,2.3617,"ME",1,"Young1980","Ter-Miakelian",339.916623673918
"257","TSCA","HOW3",18,"S",16.7,11.7,70,1462123.772,50793344.52,4.001635677,10.99440366,7.95774715459477,0.0991,2.3617,"ME",1,"Young1980","Ter-Miakelian",76.5179179529757
"258","TSCA","HOW2",85,"I",15.7,5.1,150,1462190.823,5079335.41,-4.416729559,2.55,7.95774715459477,0.0991,2.3617,"ME",1,"Young1980","Ter-Miakelian",66.1347724459177
"259","TSCA","HOW3",60,"I",22.8,15.6,265,1462118.41,50793317.99,-1.359629587,-15.54063729,7.95774715459477,0.0991,2.3617,"ME",1,"Young1980","Ter-Miakelian",159.627746496063
"260","TSCA","HOW2",74,"I",22.2,13.5,200,1462182.554,5079328.243,-12.68585038,-4.617271935,7.95774715459477,0.0991,2.3617,"ME",1,"Young1980","Ter-Miakelian",149.884068858386
"261","TSCA","HOW2",8,"C",24.7,10.3,39,1462203.245,5079339.342,8.004603403,6.482000028,7.95774715459477,0.0991,2.3617,"ME",1,"Young1980","Ter-Miakelian",192.843963540384
"262","TSCA","HOW2",89,"C",23.9,14.8,178,1462180.449,5079333.377,-14.79098424,0.516512551,7.95774715459477,0.0991,2.3617,"ME",1,"Young1980","Ter-Miakelian",178.416895044559
"263","TSCA","HOW3",24,"I",14,12.1,33,1462129.918,50793340.12,10.14791387,6.590132324,7.95774715459477,0.0991,2.3617,"ME",1,"Young1980","Ter-Miakelian",50.4526795163902
"264","TSCA","HOW2",38,"C",23.1,8.3,328,1462202.279,5079328.462,7.038799198,-4.398329893,7.95774715459477,0.0991,2.3617,"ME",1,"Young1980","Ter-Miakelian",164.632687361246
"265","TSCA","HOW1",19,"D",52.2,25.4,306,1462572.81,5079312.311,14.92974541,-20.54903166,7.95774715459477,0.0991,2.3617,"ME",1,"Young1980","Ter-Miakelian",1129.00556189958
"266","TSCA","HOW1",72,"I",34.6,23.7,256,1462552.146,5079309.864,-5.733548926,-22.99600871,7.95774715459477,0.0991,2.3617,"ME",1,"Young1980","Ter-Miakelian",427.473972415002
"267","TSCA","HOW2",81,"S",11.9,2.1,101,1462194.839,5079334.921,-0.40069889,2.061417085,7.95774715459477,0.0991,2.3617,"ME",1,"Young1980","Ter-Miakelian",34.3710589920864
"268","TSCA","HOW2",95,"C",26,9.7,104,1462192.893,5079342.272,-2.346642387,9.411868545,7.95774715459477,0.0991,2.3617,"ME",1,"Young1980","Ter-Miakelian",217.678837967214
"269","TSCA","HOW2",56,"C",30.4,1.4,240,1462194.54,5079331.648,-0.7,-1.212435565,7.95774715459477,0.0991,2.3617,"ME",1,"Young1980","Ter-Miakelian",314.902564094352
"270","TSCA","HOW2",97,"C",22.8,11.7,117,1462189.928,5079343.285,-5.311688847,10.42477633,7.95774715459477,0.0991,2.3617,"ME",1,"Young1980","Ter-Miakelian",159.627746496063
"271","TSCA","HOW3",32,"C",43,7.9,292,1462122.729,50793326.21,2.959392088,-7.324752451,7.95774715459477,0.0991,2.3617,"ME",1,"Young1980","Ter-Miakelian",714.226740453507
"272","TSCA","HOW1",78,"D",35.9,7.5,115,1462554.71,5079339.657,-3.169636963,6.797308403,7.95774715459477,0.0991,2.3617,"ME",1,"Young1980","Ter-Miakelian",466.380317442752
"273","TSCA","HOW3",21,"D",45.6,17.9,56,1462129.78,50793348.37,10.00955297,14.83977255,7.95774715459477,0.0991,2.3617,"ME",1,"Young1980","Ter-Miakelian",820.44774067968
"274","TSCA","HOW3",35,"D",38.9,9.9,302,1462125.016,50793325.13,5.246200716,-8.395676152,7.95774715459477,0.0991,2.3617,"ME",1,"Young1980","Ter-Miakelian",563.712451687612
"275","TSCA","HOW2",62,"C",34.9,9.5,216,1462187.554,5079327.276,-7.685661447,-5.583959897,7.95774715459477,0.0991,2.3617,"ME",1,"Young1980","Ter-Miakelian",436.279157035736
"276","TSCA","HOW2",23,"I",28.3,18.1,60,1462204.29,5079348.535,9.05,15.67505981,7.95774715459477,0.0991,2.3617,"ME",1,"Young1980","Ter-Miakelian",265.924088478758
"277","TSCA","HOW2",11,"I",22.5,10.7,57,1462201.068,5079341.834,5.827637675,8.973775077,7.95774715459477,0.0991,2.3617,"ME",1,"Young1980","Ter-Miakelian",154.711681921111
"278","TSCA","HOW2",65,"C",20.2,12.7,240,1462188.89,5079321.861,-6.35,-10.99852263,7.95774715459477,0.0991,2.3617,"ME",1,"Young1980","Ter-Miakelian",119.928384546412
"279","TSCA","HOW1",5,"I",17.8,6.75,295,1462560.733,5079326.742,2.852673267,-6.117577562,7.95774715459477,0.0991,2.3617,"ME",1,"Young1980","Ter-Miakelian",88.9591396232783
"280","TSCA","HOW1",73,"C",36.2,24.5,253,1462550.717,5079309.431,-7.163106766,-23.42946652,7.95774715459477,0.0991,2.3617,"ME",1,"Young1980","Ter-Miakelian",475.63705947386
"281","TSCA","HOW3",2,"I",19.1,6.3,158,1462113.929,50793335.89,-5.841258284,2.360021539,7.95774715459477,0.0991,2.3617,"ME",1,"Young1980","Ter-Miakelian",105.072764275375
"282","TSCA","HOW3",3,"C",32.1,7.2,175,1462112.597,50793334.16,-7.172601826,0.627521348,7.95774715459477,0.0991,2.3617,"ME",1,"Young1980","Ter-Miakelian",358.085379691946
"283","TSCA","HOW3",4,"D",48.4,9.1,160,1462111.219,50793336.64,-8.551202849,3.112383304,7.95774715459477,0.0991,2.3617,"ME",1,"Young1980","Ter-Miakelian",944.436895794846
"284","TSCA","HOW3",58,"D",47.1,14.7,238,1462111.98,50793321.06,-7.789813184,-12.46630701,7.95774715459477,0.0991,2.3617,"ME",1,"Young1980","Ter-Miakelian",885.619419183804
"285","TSCA","HOW3",46,"S",15.4,7.3,180,1462112.47,50793333.53,-7.3,8.94358e-16,7.95774715459477,0.0991,2.3617,"ME",1,"Young1980","Ter-Miakelian",63.1889793990437
"286","TSCA","HOW2",99,"C",28.5,11.5,122,1462189.146,5079342.613,-6.094071539,9.752553106,7.95774715459477,0.0991,2.3617,"ME",1,"Young1980","Ter-Miakelian",270.383857899664
"287","TSCA","HOW3",8,"C",34.1,9.2,103,1462117.7,50793342.49,-2.0695497,8.964204596,7.95774715459477,0.0991,2.3617,"ME",1,"Young1980","Ter-Miakelian",413.028168332542
"288","TSCA","HOW3",9,"D",33.2,10.7,116,1462115.079,50793343.15,-4.690571271,9.617096295,7.95774715459477,0.0991,2.3617,"ME",1,"Young1980","Ter-Miakelian",387.744339768865
"289","TSCA","HOW3",10,"S",13.7,10.4,103,1462117.431,50793343.66,-2.339490965,10.13344867,7.95774715459477,0.0991,2.3617,"ME",1,"Young1980","Ter-Miakelian",47.9365327091749
"290","TSCA","HOW3",51,"C",42.8,17.4,184,1462102.412,50793332.32,-17.35761447,-1.213762643,7.95774715459477,0.0991,2.3617,"ME",1,"Young1980","Ter-Miakelian",706.406039707353
"291","TSCA","HOW3",12,"C",30.3,13.9,118,1462113.244,50793345.8,-6.525654723,12.27297154,7.95774715459477,0.0991,2.3617,"ME",1,"Young1980","Ter-Miakelian",312.461641674617
"292","TSCA","HOW2",92,"C",25.7,12.2,139,1462186.033,5079340.864,-9.207456879,8.003920154,7.95774715459477,0.0991,2.3617,"ME",1,"Young1980","Ter-Miakelian",211.793541206544
"293","TSCA","HOW3",14,"I",24.7,3.8,17,1462123.404,50793334.64,3.633958073,1.111012478,7.95774715459477,0.0991,2.3617,"ME",1,"Young1980","Ter-Miakelian",192.843963540384
"294","TSCA","HOW3",15,"C",27.9,4.5,14,1462124.136,50793334.62,4.366330768,1.08864853,7.95774715459477,0.0991,2.3617,"ME",1,"Young1980","Ter-Miakelian",257.132576398524
"295","TSCA","HOW3",16,"I",26.2,5.2,40,1462123.753,50793336.87,3.983431104,3.34249557,7.95774715459477,0.0991,2.3617,"ME",1,"Young1980","Ter-Miakelian",221.654123076624
"296","TSCA","HOW3",57,"C",43.4,19,198,1462101.7,50793327.66,-18.07007381,-5.871322893,7.95774715459477,0.0991,2.3617,"ME",1,"Young1980","Ter-Miakelian",730.017294103597
"297","TSCA","HOW3",31,"C",37.5,6.4,295,1462122.475,50793327.73,2.704756875,-5.800369837,7.95774715459477,0.0991,2.3617,"ME",1,"Young1980","Ter-Miakelian",516.967569222389
"298","TSCA","HOW3",19,"C",35.2,11.2,75,1462122.669,50793344.35,2.898773305,10.81836925,7.95774715459477,0.0991,2.3617,"ME",1,"Young1980","Ter-Miakelian",445.188013702696
"299","TSCA","HOW3",59,"I",13.9,8.6,260,1462118.277,50793325.06,-1.493374328,-8.469346676,7.95774715459477,0.0991,2.3617,"ME",1,"Young1980","Ter-Miakelian",49.6057143668806
"300","TSCA","HOW3",61,"",26.8,20,178,1462099.782,50793334.23,-19.98781654,0.697989934,7.95774715459477,0.0991,2.3617,"ME",1,"Young1980","Ter-Miakelian",233.829659659971
"301","TSCA","HOW3",22,"C",39,19.9,38,1462135.451,50793345.78,15.681414,12.25166336,7.95774715459477,0.0991,2.3617,"ME",1,"Young1980","Ter-Miakelian",567.140859324562
"302","TSCA","HOW3",23,"S",10.3,11.1,39,1462128.396,50793340.52,8.626320172,6.985456341,7.95774715459477,0.0991,2.3617,"ME",1,"Young1980","Ter-Miakelian",24.4394443733837
"303","TSCA","HOW2",103,"S",25.4,16.7,123,1462186.145,5079346.866,-9.095471885,14.00579848,7.95774715459477,0.0991,2.3617,"ME",1,"Young1980","Ter-Miakelian",206.001054281418
"304","TSCA","HOW2",51,"C",43.2,12.9,292,1462200.072,5079320.899,4.832425055,-11.96067172,7.95774715459477,0.0991,2.3617,"ME",1,"Young1980","Ter-Miakelian",722.097130762108
"305","TSCA","HOW3",39,"S",10.8,12.2,273,1462120.408,50793321.35,0.638498666,-12.18328032,7.95774715459477,0.0991,2.3617,"ME",1,"Young1980","Ter-Miakelian",27.3344624620204
"306","TSCA","HOW2",13,"S",12,8.9,82,1462196.479,5079341.673,1.238640599,8.813385812,7.95774715459477,0.0991,2.3617,"ME",1,"Young1980","Ter-Miakelian",35.0571012771744
"307","TSCA","HOW2",14,"C",31.9,7.7,88,1462195.509,5079340.555,0.268726125,7.695309368,7.95774715459477,0.0991,2.3617,"ME",1,"Young1980","Ter-Miakelian",352.838616618044
"308","TSCA","HOW3",29,"C",33.1,3.2,297,1462121.223,50793330.68,1.452769599,-2.851220877,7.95774715459477,0.0991,2.3617,"ME",1,"Young1980","Ter-Miakelian",384.99175380026
"309","TSCA","HOW3",30,"S",11.6,3.4,275,1462120.066,50793330.14,0.296329525,-3.387061974,7.95774715459477,0.0991,2.3617,"ME",1,"Young1980","Ter-Miakelian",32.3596702654272
"310","TSCA","HOW3",44,"C",36.2,7.4,200,1462112.816,50793331,-6.953725394,-2.530949061,7.95774715459477,0.0991,2.3617,"ME",1,"Young1980","Ter-Miakelian",475.63705947386
"311","TSCA","HOW3",36,"C",27.3,15.3,325,1462132.303,50793324.75,12.53302628,-8.775719476,7.95774715459477,0.0991,2.3617,"ME",1,"Young1980","Ter-Miakelian",244.263726257503
"312","TSCA","HOW3",50,"C",18.7,12.7,203,1462108.08,50793328.57,-11.69041164,-4.962285332,7.95774715459477,0.0991,2.3617,"ME",1,"Young1980","Ter-Miakelian",99.949810865677
"313","TSCA","HOW2",60,"I",18.4,9.1,248,1462191.831,5079324.423,-3.40892,-8.437373077,7.95774715459477,0.0991,2.3617,"ME",1,"Young1980","Ter-Miakelian",96.2041722174448
"314","TSCA","HOW3",48,"C",31.2,13.7,193,1462106.421,50793330.45,-13.34886989,-3.081829445,7.95774715459477,0.0991,2.3617,"ME",1,"Young1980","Ter-Miakelian",334.82552554382
"315","TSCA","HOW2",26,"C",36.5,18.1,10,1462213.065,5079336.003,17.82502033,3.143032016,7.95774715459477,0.0991,2.3617,"ME",1,"Young1980","Ter-Miakelian",484.99885406666
"316","TSCA","HOW3",1,"C",26.6,4.8,146,1462115.791,50793336.21,-3.979380348,2.684125937,7.95774715459477,0.0991,2.3617,"ME",1,"Young1980","Ter-Miakelian",229.729419788999
"317","TSCA","HOW3",37,"C",31.6,16.8,305,1462129.406,50793319.77,9.636084131,-13.76175434,7.95774715459477,0.0991,2.3617,"ME",1,"Young1980","Ter-Miakelian",345.052070303232
"318","TSCA","HOW3",52,"C",30.5,17.4,182,1462102.381,50793332.92,-17.38940039,-0.607251243,7.95774715459477,0.0991,2.3617,"ME",1,"Young1980","Ter-Miakelian",317.354444610227
"319","TSCA","HOW2",100,"I",26.4,15.7,92,1462194.692,5079348.55,-0.547922098,15.69043598,7.95774715459477,0.0991,2.3617,"ME",1,"Young1980","Ter-Miakelian",225.670945547231
"320","TSCA","HOW3",49,"S",17,12.7,203,1462108.08,50793328.57,-11.69041164,-4.962285332,7.95774715459477,0.0991,2.3617,"ME",1,"Young1980","Ter-Miakelian",79.8040389841483
"321","TSCA","HOW3",42,"C",31.1,5.3,230,1462116.363,50793329.47,-3.406774331,-4.060035549,7.95774715459477,0.0991,2.3617,"ME",1,"Young1980","Ter-Miakelian",332.296575188606
"322","TSCA","HOW3",43,"C",25.7,6.6,220,1462114.714,50793329.29,-5.055893325,-4.242398224,7.95774715459477,0.0991,2.3617,"ME",1,"Young1980","Ter-Miakelian",211.793541206544
"323","TSCA","HOW3",25,"C",41.3,7.1,15,1462126.628,50793335.37,6.858073367,1.83761522,7.95774715459477,0.0991,2.3617,"ME",1,"Young1980","Ter-Miakelian",649.326147195557
"324","TSCA","HOW3",26,"C",37,8,16,1462127.46,50793335.74,7.690093568,2.205098847,7.95774715459477,0.0991,2.3617,"ME",1,"Young1980","Ter-Miakelian",500.836147475868
"325","TSCA","HOW3",54,"I",22,18.7,195,1462101.707,50793328.69,-18.06281295,-4.839916143,7.95774715459477,0.0991,2.3617,"ME",1,"Young1980","Ter-Miakelian",146.714588470808
"326","TSCA","HOW3",33,"I",21,8.2,320,1462126.052,50793328.26,6.281564434,-5.270858399,7.95774715459477,0.0991,2.3617,"ME",1,"Young1980","Ter-Miakelian",131.449507372242
"327","TSCA","HOW3",56,"C",26.6,15.6,210,1462106.26,50793325.73,-13.5099963,-7.8,7.95774715459477,0.0991,2.3617,"ME",1,"Young1980","Ter-Miakelian",229.729419788999
"328","TSCA","HOW2",64,"I",23.2,11.3,224,1462187.111,5079325.01,-8.128539744,-7.849639586,7.95774715459477,0.0991,2.3617,"ME",1,"Young1980","Ter-Miakelian",166.320824174912
"329","TSCA","HOW3",34,"S",17.2,9,340,1462128.227,50793330.45,8.457233587,-3.07818129,7.95774715459477,0.0991,2.3617,"ME",1,"Young1980","Ter-Miakelian",82.0391567082762
"330","TSCA","HOW3",55,"C",34,14.3,215,1462108.056,50793325.33,-11.71387423,-8.20214304,7.95774715459477,0.0991,2.3617,"ME",1,"Young1980","Ter-Miakelian",410.173324618551
"331","TSCA","HOW2",54,"S",18.8,11,280,1462197.15,5079322.027,1.910129954,-10.83288528,7.95774715459477,0.0991,2.3617,"ME",1,"Young1980","Ter-Miakelian",101.216717089764
"332","TSCA","HOW3",28,"C",36.8,3,300,1462121.27,50793330.93,1.5,-2.598076211,7.95774715459477,0.0991,2.3617,"ME",1,"Young1980","Ter-Miakelian",494.466015290819
"333","TSCA","HOW3",38,"C",27.6,19.1,290,1462126.303,50793315.58,6.532584738,-17.94812906,7.95774715459477,0.0991,2.3617,"ME",1,"Young1980","Ter-Miakelian",250.650533655585
"334","TSCA","HOW3",27,"C",34.8,19.7,32,1462136.477,50793343.97,16.70654749,10.43940951,7.95774715459477,0.0991,2.3617,"ME",1,"Young1980","Ter-Miakelian",433.332592304338
"335","TSCA","HOW3",40,"C",44.4,13.4,276,1462121.171,50793320.2,1.400681408,-13.3265934,7.95774715459477,0.0991,2.3617,"ME",1,"Young1980","Ter-Miakelian",770.367610631985
"336","TSCA","HOW3",41,"C",44.5,16.1,335,1462134.362,50793326.73,14.59155537,-6.804154014,7.95774715459477,0.0991,2.3617,"ME",1,"Young1980","Ter-Miakelian",774.471592298471
